temperature,humidity,rainfall,label
20.87974371,82.00274423,202.9355362,rice
21.77046169,80.31964408,226.6555374,rice
23.00445915,82.3207629,263.9642476,rice
26.49109635,80.15836264,242.8640342,rice
20.13017482,81.60487287,262.7173405,rice
23.05804872,83.37011772,251.0549998,rice
22.70883798,82.63941394,271.3248604,rice
20.27774362,82.89408619,241.9741949,rice
24.51588066,83.53521629999999,230.4462359,rice
23.22397386,83.03322691,221.2091958,rice
26.52723513,81.41753846,264.6148697,rice
23.97898217,81.45061596,250.0832336,rice
26.80079604,80.88684822,284.4364567,rice
24.01497622,82.05687182,185.2773389,rice
25.66585205,80.66385045,209.5869708,rice
24.28209415,80.30025587,231.0863347,rice
21.58711777,82.7883708,276.65524589999995,rice
23.79391957,80.41817957,206.2611855,rice
21.8652524,80.1923008,224.55501690000003,rice
23.57943626,83.58760316,291.2986618000001,rice
21.32504158,80.47476396,185.4974732,rice
25.15745531,83.11713476,231.3843163,rice
21.94766735,80.97384195,213.3560921,rice
21.0525355,82.67839517,233.1075816,rice
23.48381344,81.33265073,224.0581164,rice
25.0756354,80.52389148,257.0038865,rice
26.35927159,84.04403589,271.35861370000003,rice
24.52922681,80.54498576,260.2634026,rice
20.77576147,84.49774397,240.0810647,rice
22.30157427,80.64416466,197.9791215,rice
21.44653958,84.94375962,272.2017204,rice
22.17931888,80.33127223,200.0882787,rice
24.52783742,82.73685569,224.67572310000003,rice
20.26707606,81.63895217,270.4417274,rice
25.7354293,83.88266234,233.1321372,rice
26.79533926,82.1480873,193.3473987,rice
26.75754171,81.17734011,272.29990560000005,rice
23.86330467,83.15250801,285.2493645,rice
21.01944696,82.95221726,298.40184710000005,rice
24.17298839,83.7287574,257.0343554,rice
22.78133816,82.06719137,248.7183228,rice
25.62980105,83.52842314,209.9001977,rice
25.59704938,80.14509262,200.834898,rice
23.83067496,84.81360127,298.5601175,rice
26.31355498,82.36698992,265.5355937,rice
24.8972823,80.52586088,183.6793207,rice
24.958779,84.47963372,196.95600080000003,rice
23.24113501,84.59201843,233.0453455,rice
21.66628296,80.70960551,210.8142087,rice
24.63544858,80.41363018,253.7202781,rice
23.43121862,83.06310136,219.9048349,rice
20.0454142,80.3477562,208.5810155,rice
23.85724032,82.22572988,195.0948311,rice
21.97199397,81.89918197,227.3637009,rice
26.22916897,83.83625819,286.5083725,rice
23.44676801,84.79352417,283.9338466,rice
25.65553461,83.47021081,217.3788583,rice
24.44345477,82.45432595,267.97619480000003,rice
20.2801937,82.1235421,191.9535738,rice
21.7238313,80.2389895,277.9626192,rice
20.41447029,82.20802629,245.1511304,rice
25.75528612,83.51827127,245.6626799,rice
20.61521424,83.77345559,279.5451717,rice
21.84106875,80.72886384,202.3838319,rice
20.08369642,83.29114712,263.6372176,rice
24.45802087,82.74835604,182.5616319,rice
21.14347496,80.33502926,198.6730942,rice
25.78720567,82.11124033,243.5120414,rice
23.64124821,80.28597873,263.1103304,rice
23.43191632,80.56887849,269.5039162,rice
24.97669518,83.891805,204.8001847,rice
22.72791041,82.17068809999998,260.8875056,rice
24.87300744,82.84022551,295.6094492000001,rice
21.32376327,83.00320459,192.3197536,rice
26.29465461,84.56919326,257.4914906,rice
22.2286982,81.85872947,278.0791793,rice
26.73072391,81.78596776,280.4044392,rice
24.88921174,81.97927117,185.9461429,rice
26.88444878,81.46033732,194.5766559,rice
22.67846116,83.72874389,200.9133156,rice
26.08867875,80.37979919,182.9043504,rice
25.42977518,82.94682591,195.3574542,rice
26.40323239,81.05635517,223.3671883,rice
26.04371967,84.96907151,186.7536773,rice
25.2827223,80.54372813,220.1156708,rice
22.08576562,83.47038318,231.7364957,rice
23.28617173,81.43321641,242.3170629,rice
25.48591986,81.40633547,182.6549356,rice
23.67575393,81.03569343,233.7034975,rice
20.82477109,84.1341879,230.22422230000004,rice
26.92995077,81.91411159,290.67937830000005,rice
23.83509503,83.88387074,241.20135130000003,rice
26.52872817,80.12267476,218.9163567,rice
26.46428311,83.85642678,248.2256491,rice
22.69657794,82.81088865,256.9964761,rice
22.68319059,83.46358271,194.2651719,rice
21.53346343,82.14004101,295.9248796,rice
21.40865769,83.32931909999998,287.5766935000001,rice
26.54348085,84.67353597,183.6222657,rice
23.35905428,83.59512273,188.413665,rice
22.61359953,63.69070564,87.75953857,maize
26.10018422,71.57476937,102.2662445,maize
23.55882094,71.59351368,66.71995467,maize
19.97215954,57.68272924,60.65171481,maize
18.47891261,62.69503871,65.43835393,maize
21.77689322,57.80840636,102.0861694,maize
25.6217169,66.50415474,105.4654703,maize
25.19192419,66.69029010000001,78.06639649,maize
20.41683147,62.55424820000001,65.27798457,maize
24.92162194,66.78627406,109.2162279,maize
23.31689124,73.4541537,94.29712821,maize
24.84016732,68.3584573,74.05474936,maize
22.27526694,58.84015925,63.87020584,maize
18.87751445,65.76816093,94.76189431,maize
25.19008683,60.200168700000006,72.12375573,maize
18.25405352,55.28220433,63.72358154,maize
24.612911800000006,70.4162444,104.1626147,maize
25.1420613,65.26185135,76.68456006,maize
23.09348056,60.11593810000001,65.49730729,maize
18.05033737,62.89366992,84.23613484,maize
24.9321581,73.80435276,79.74078719,maize
18.14710054,71.09445342,88.07753741,maize
18.28362235,66.65952796,80.97573281,maize
18.83344471,58.75082029,79.75328959999999,maize
25.71895816,67.22190688,74.51490791,maize
25.33797709,68.49835977,96.46380213,maize
23.89114571,57.48775781,102.8301942,maize
21.53574127,71.50905983,102.4852929,maize
23.08974909,63.10459626,70.43473609,maize
25.61707368,63.4711755,108.8303762,maize
21.44526922,63.1621551,65.88951188,maize
18.51816776,55.53128131,90.988051,maize
22.53510514,67.99257471,64.40866039,maize
23.02038334,61.89472002,63.03843397,maize
24.89364635,65.61418761,87.9298085,maize
25.77175115,74.089114,107.4931917,maize
19.39851734,62.35750641,60.95197486,maize
21.54156232,59.64024162,109.7515385,maize
23.79746068,74.82913698,91.76337172,maize
18.9802729,74.52600826,94.26249353,maize
24.10859207,73.13112261,71.07562236,maize
24.7947077,70.04556743,76.72860067,maize
21.63162756,60.27766379,69.21803098,maize
25.37548751,57.21025565,101.7004306,maize
22.21738222,72.85462807,106.6213157,maize
20.58314011,69.00128641,66.29390357,maize
24.87502824,68.74248334,91.26056654,maize
20.03728219,56.35606753,109.024141,maize
25.95263264,61.89082199,99.57981207,maize
19.28889933,65.47050802,71.3195307,maize
20.57981887,65.34583901,78.34604471,maize
24.71417533,56.73426469,88.45361858,maize
20.27317074,63.91281869,62.50351892,maize
18.41932981,64.23580251,76.41312437,maize
23.39128187,61.74427165,107.3198135,maize
19.84939404,61.24500053,100.7689246,maize
21.869274,61.91044947,107.2681929,maize
22.8056033,56.50768935,101.5952794,maize
19.0781471,69.02298571,80.72515943,maize
22.02720976,65.35549924,83.73280082,maize
23.80546189,59.24537979,89.96220140000001,maize
18.52510753,69.0276233,88.10234397,maize
23.50297882,61.32026065,64.77791424,maize
26.54986394,72.89187265,73.33636055,maize
19.29563411,69.63481219,83.21030571,maize
20.68899915,59.4375337,103.651438,maize
19.32666088,68.03449300000001,84.22969177,maize
24.60532218,73.58868502,96.59195302,maize
22.27373646,59.52193158,67.96704792,maize
25.70196694,61.33450447,83.20711308,maize
19.20129357,68.30578978,87.85092352,maize
21.70181447,60.47470519,95.71388473,maize
20.51716779,59.21235483,67.61013737,maize
23.30355338,73.62548442,97.59081274,maize
24.2547451,55.64709899,64.23845455,maize
24.86374934,65.7420046,75.82270467,maize
22.6265115,65.77472881,88.17251033,maize
18.04185513,60.61494304,104.2321615,maize
23.26237612,72.33125523,67.10225139,maize
22.88330922,71.59722446,67.72777298,maize
25.97482359,69.36385721,103.2234212,maize
26.14384005,66.20569924,107.2361366,maize
18.66116213,61.55327249,75.03247667,maize
25.10787449,55.97732754,78.16077693,maize
23.33844615,59.24580604,105.0083144,maize
25.08239719,65.92195844,62.49190812,maize
25.36768364,72.52054555,107.9124111,maize
25.34217103,63.31801994,74.52082026,maize
25.00933355,67.816568,62.91359494,maize
18.66746724,71.516474,69.93293255,maize
20.37999665,63.73849998,108.5054416,maize
18.09300227,72.61024172,78.96159541,maize
26.16985907,71.96246617,79.84925393,maize
18.65396672,61.37879671,93.62039175,maize
26.07470121,59.37147589,85.75692395,maize
18.92851916,72.80086137,82.34162918,maize
23.30546753,63.24648023,108.7603001,maize
18.74826712,62.49878458,70.23401597,maize
19.74213321,59.66263104,65.50861389,maize
25.73044432,70.74739256,98.73771338,maize
24.40228894,79.19732001,90.8022356,cotton
23.09595631,84.86275707,71.29581071,cotton
23.9656349,76.97696717,90.75616738,cotton
24.88738107,75.62137159,89.76050416,cotton
25.36243778,83.63276077,88.43618918,cotton
24.69457084,81.7358876,78.58494391,cotton
25.0017188,80.53965818,96.32600992,cotton
22.45942937,81.30681027,64.23026638,cotton
23.60564038,79.29573149,72.49800885,cotton
24.58453146,79.12404171,71.94608134,cotton
23.0865933,83.55546146,71.84080724,cotton
23.5000992,83.63488952,79.81328183,cotton
24.1472953,75.88298598,69.91563467,cotton
24.69315538,84.84422454,89.799462,cotton
24.48469200000001,84.44932014,90.94342484,cotton
24.49112609,82.24415809,64.02949379,cotton
23.47986888,81.73049149,86.76287924,cotton
24.18586246,76.04203958,69.08056728,cotton
25.00755095,78.17952126,86.06411872,cotton
25.99237426,77.0543546,89.1188212,cotton
23.66457347,81.69105088,99.36898373,cotton
25.66891439,81.38103349,78.59595817,cotton
22.04612876,84.62978302,86.00758678,cotton
22.4204752,84.55794703,93.46595573,cotton
25.03149561,82.21276599,95.0191318,cotton
23.53371386,77.21705554,87.54004943,cotton
22.77076388,82.5993307,81.49543437,cotton
25.49848236,79.9751579,67.05961949,cotton
25.248679,83.4630147,86.55517751,cotton
22.78249615,77.51235009,64.61444234,cotton
23.37044424,77.43198948,71.67870701,cotton
24.86560781,78.22080815,79.56866268,cotton
24.14386157,84.51591287,80.36146974,cotton
25.03300222,79.04368718,97.10087029,cotton
23.65724079,84.47601498,88.54479121,cotton
25.54359718,84.09229796,88.94245493,cotton
22.00085141,79.47270984,90.42224164,cotton
23.64328417,78.1258666,80.96157332,cotton
23.96436009,78.02763149,84.63148859,cotton
24.65425757,75.6350708,61.82980133,cotton
24.3017998,84.87668973,65.0247867,cotton
24.29144926,81.02453404,90.41694635,cotton
24.29470232,84.61527627,81.05902285,cotton
25.72180042,81.19666206,99.93100821,cotton
24.87663664,76.30050373,91.9223468,cotton
22.60612115,77.34264002,75.13617229,cotton
23.86814008,75.68339729,90.4547185,cotton
23.41022496,76.43836957,78.82199603,cotton
24.96440768,81.31677618,80.03995829,cotton
25.16820129,80.30351815,84.62419032,cotton
22.72767171,77.07598065,77.55176318,cotton
22.45145981,76.25674874,86.84998693,cotton
23.04920461,75.53835214,70.65644296,cotton
25.29250148,75.66653335,62.64174227,cotton
22.95604064,82.33733678,66.48339303,cotton
22.80213132,84.14668447,91.6389565,cotton
23.54234715,75.98203329,84.12536744,cotton
24.41212325,80.80343786,98.60457373,cotton
22.94276687,75.37170612,67.08022574,cotton
25.53676123,81.13668716,95.4262599,cotton
25.32023717,81.79475917,83.46532547,cotton
22.426733,81.53480799,65.54475812,cotton
25.78544484,75.00539324,91.39578861,cotton
25.68959532,77.90621048,66.19426787,cotton
22.14593688,82.85975490000001,60.65381719,cotton
25.07278712,82.50257909,93.51042684,cotton
22.21506982,76.17851932,70.40557612,cotton
23.9643129,76.59175937,76.13090645,cotton
25.40059227,76.53237965,62.51388670000001,cotton
23.7805123,83.03878838,66.26555904,cotton
24.16402322,76.7433897,61.94626051,cotton
25.31468463,77.91757121,72.82902109,cotton
22.60361557,80.35090459999998,88.57395505,cotton
22.9535715,78.71555832,99.75336197,cotton
22.74446976,80.41198458,90.07326633,cotton
23.80834611,83.91902605,70.97358303,cotton
25.46228792,81.56641891,76.88582484,cotton
25.96779712,81.97904282,74.14169043,cotton
25.5308271,80.04662756,99.39557151,cotton
24.43847399,81.69801729,60.79645852,cotton
23.03887865,76.47039772,90.64770699,cotton
23.51308653,76.72621429,80.11272117,cotton
22.75805656,76.75768356,97.76600619,cotton
24.71252544,77.7293114,85.24963302,cotton
23.45969093,82.44777468,93.50153555,cotton
25.5503704,77.85055621,78.58488484,cotton
22.08458267,82.82904143,67.06459777,cotton
24.68854799,78.51206972,69.31153566,cotton
25.84997269,84.16855231,77.03421249,cotton
22.46054478,75.40989245,71.85436078,cotton
23.65629976,77.52425987,74.8984994,cotton
22.00817088,81.83896111,92.23645249,cotton
24.32630461,80.13456404,69.45072055,cotton
22.92360984,82.68738535,92.91915074,cotton
23.43821725,78.63388824,81.15072105,cotton
22.10718988,78.58320116,74.94136567,cotton
23.03814028,76.11021529,91.49697481,cotton
24.54795322,75.39752705,63.88079866,cotton
23.73868041,75.77503808,76.63669195,cotton
22.31871914,83.86129998,65.35747011,cotton
26.762749300000007,92.86056895,224.5903664,coconut
25.61294367,94.3138837,224.3206759,coconut
28.130115000000004,95.64807631,151.0761899,coconut
25.02887163,91.53720922,179.8248944,coconut
27.79797651,99.64573002,181.6942283,coconut
29.25902906,95.11294697,184.7624496,coconut
27.10134661,93.69979946,150.9502632,coconut
25.84726298,90.92669463,147.8888994,coconut
26.58580443,90.98617591,178.8116076,coconut
28.38503882,99.18843684,189.67113490000003,coconut
28.43647052,91.81320717,145.54144130000003,coconut
28.27298134,96.93649473,198.8234862,coconut
27.00648436,96.46168931,144.3331315,coconut
27.63551259,99.34854917,157.91715369999997,coconut
26.29644905,99.65809151,215.9195049,coconut
27.1326009,95.23797989,204.7206567,coconut
25.56567803,97.61361544,199.7936345,coconut
25.94951662,93.40548703,172.0540491,coconut
28.03380598,95.01630593,218.0055713,coconut
29.12859129,91.30924833,157.2388553,coconut
27.0828252,97.00155491,171.7575545,coconut
28.11321494,90.01734526,172.48136409999995,coconut
27.5136304,94.18955816,156.6732553,coconut
27.63834933,95.48763389,205.5463111,coconut
29.01256899,94.01014388,150.05003119999995,coconut
26.58413917,95.78923137,171.6262299,coconut
28.28905147,97.00396405,142.9403233,coconut
28.69164799,96.65248672,178.9635457,coconut
29.70931288,96.30484325,209.84539930000005,coconut
27.14865285,96.66355213,149.2433497,coconut
29.28725038,91.95614918,132.1491176,coconut
25.06871967,93.31410447,134.84190690000003,coconut
26.92449525,91.20106019,194.9022136,coconut
28.27804288,93.64761266,171.9457959,coconut
29.18032562,92.73041222,204.9603677,coconut
28.3575072,91.64509299,160.73069909999995,coconut
29.38072512,93.27565685,218.5241851,coconut
25.39241091,98.08951196,218.080385,coconut
26.31270635,98.62048026,208.1181381,coconut
29.52501367,91.91185319,194.3100272,coconut
28.83214859,92.17170353,145.41723869999996,coconut
28.48444906,97.76865458,160.389421,coconut
28.74013335,93.39676499,156.76508230000005,coconut
25.00872392,95.59224018,165.8092179,coconut
29.8690834,91.14723422,192.7678575,coconut
27.54273211,94.59086121,150.2012138,coconut
26.52166434,98.38227669,144.6261698,coconut
25.03512351,95.89739958,174.796583,coconut
29.20394909,95.66997327,211.2506267,coconut
27.05826457,91.10510371,224.70069530000004,coconut
26.18552389,96.96637916,135.4186222,coconut
27.59376845,92.48519606,162.8432736,coconut
25.76011662,94.65830608,131.24514140000002,coconut
28.87862994,95.11320315,145.0583117,coconut
26.50908611,94.48414544,199.8778403,coconut
26.87037587,91.72546257,214.4128874,coconut
27.57283516,94.90485697,145.9298935,coconut
28.05912437,98.3670985,171.65163959999995,coconut
29.51611558,92.56492864,131.2116167,coconut
28.96318258,95.16333673,222.803013,coconut
25.09897688,92.36099489,157.7592626,coconut
27.1872282,92.19906776,141.3220576,coconut
29.03065024,90.79093862,205.5720367,coconut
27.754298,95.94643831,131.09000759999998,coconut
27.31155708,99.96906006,201.8258633,coconut
28.84270971,99.64328526,224.4016682,coconut
26.61423461,96.97300803,191.006688,coconut
29.70143197,95.65754365,215.1968037,coconut
25.54759871,91.64194826,212.867626,coconut
26.37978453,91.49882979,167.0470997,coconut
27.45907759,92.90736493,142.1430003,coconut
27.02269204,95.71935435,147.16824590000004,coconut
28.98545306,90.73966792,148.8398374,coconut
26.1055118,91.52421214,134.1279669,coconut
25.0707247,95.02156793,192.9036306,coconut
25.54963273,96.92786777,191.2996157,coconut
28.56973521,95.67906668,134.83703480000003,coconut
26.07010807,96.7036223,143.533473,coconut
25.51791333,94.38420565,178.7297725,coconut
25.9490364,94.73860514,144.15711090000005,coconut
28.2974764,95.41122824,182.4482352,coconut
29.56549169,91.40896307,224.83157290000003,coconut
29.69952329,95.21224392,148.30036919999995,coconut
26.14162144,93.28415295,195.4115025,coconut
26.00175125,94.79998418,209.540094,coconut
27.15116142,91.48889469,164.9182225,coconut
28.97318719,98.09861043,213.9011021,coconut
26.13958446,96.38580769,131.3387935,coconut
25.51618488,94.33465411,135.1272491,coconut
27.55821802,99.98187601,174.62564809999995,coconut
27.81132822,97.48410555,154.06212209999995,coconut
25.60033702,99.7240104,165.82487319999996,coconut
26.91641934,99.84671638,225.6323656,coconut
29.1797902,90.27214288,188.9252083,coconut
26.44600063,98.29937782,221.2258168,coconut
28.43572863,95.8840407,203.9283708,coconut
28.94099669,93.00109012,191.7723087,coconut
26.45488737,93.45042636,149.2220255,coconut
25.79490531,93.84150618,152.42387119999995,coconut
26.93141945,98.80313612,166.5712879,coconut
15.78144173,92.51077745,119.035002,orange
26.03097313,91.50819306,101.2847738,orange
13.36050601,91.35608208,111.2266885,orange
18.87957654,92.04304496,114.6659511,orange
29.47741671,91.57802915,111.1727497,orange
28.06903173,92.91487288,114.1339416,orange
25.66901098,92.04670813,112.5424199,orange
29.77149434,92.00719952,114.41617859999998,orange
30.55472573,90.90343769,106.0711985,orange
23.96147583,90.26408017,102.6958703,orange
23.98289638,91.5473145,118.4901697,orange
25.26052689,90.31153735,117.36952959999998,orange
31.08368929,90.14362642,109.6894658,orange
14.78003032,91.22062116,100.1961762,orange
26.56608303,94.45239715,116.3796525,orange
24.85903405,94.39000473,111.78037340000002,orange
34.51465139,93.63812684,103.5684926,orange
24.12188673,90.72351622,102.835632,orange
23.85340379,90.10522549,103.923226,orange
24.60297538,91.28408653,111.2948115,orange
15.63211033,94.25966183,101.4705704,orange
19.33516809,91.97978938,116.450422,orange
28.2620488,91.98317355,105.2132259,orange
22.67594476,93.36348717,110.3332655,orange
21.03200078,92.9641969,110.6823944,orange
33.23453301,91.06053924,115.7659902,orange
22.30318989,92.15987039,117.3688104,orange
11.50322938,94.8933184,115.56837759999998,orange
14.34320488,94.35734702,110.22231229999998,orange
33.105698100000005,93.48447453,119.1709113,orange
30.49183837,90.4582865,113.3302105,orange
30.25578031,92.03272799,116.7173125,orange
12.22816189,90.26457428,108.4161706,orange
10.01081312,90.22399223,119.3941064,orange
22.79196751,90.60901895,116.5084074,orange
20.18432263,90.65458473,116.8130969,orange
30.72119881,94.01331956,106.8118019,orange
24.35590861,92.39651663,119.6946577,orange
21.21306973,91.35349216,112.9834361,orange
10.78689755,91.38411917,117.5293447,orange
11.89925671,91.34663797,103.5771468,orange
22.56664172,93.37488907,109.8585753,orange
18.86883219,93.24688124,119.3936976,orange
17.34083741,93.04897191,112.7194284,orange
34.90665289,92.87820148,102.1906333,orange
24.53610067,91.90997228,115.9787989,orange
13.8377282,91.74780462,107.9873218,orange
22.3551049,93.52211892,101.5164589,orange
34.74004942,93.12316972,100.1967854,orange
11.54785707,94.14861001,108.82891709999998,orange
23.13338811,91.94670335,104.4224145,orange
29.98364695,94.55239717,115.3560318,orange
20.87947369,90.93756231,102.4550786,orange
17.24944623,91.13772765,112.50905159999998,orange
15.83388699,91.68293851,109.7571416,orange
23.01014302,91.11764246,112.6738296,orange
16.39624284,92.18151927,102.944161,orange
24.45132792,93.10527686,109.4711098,orange
31.87859192,91.15248149,105.3437825,orange
31.34920143,91.48247612,109.1549823,orange
18.05142392,90.03969587,111.7793889,orange
30.84835031,92.86773675,107.4142681,orange
22.45616931,91.52781832,118.0069295,orange
13.70319166,90.95589386,106.2944879,orange
20.48954522,93.72485075,111.83919509999998,orange
13.20844373,94.02769434,106.2696156,orange
32.31944397,93.67804556,117.6236473,orange
20.68185224,90.91510525,109.7513927,orange
31.52675982,90.50621806,113.1169398,orange
25.35467646,91.81183218,116.7555937,orange
17.66545409,91.69865887,110.6857506,orange
12.59093977,91.81668769,119.39167179999998,orange
11.86631922,93.68394562,106.060149,orange
11.03367937,92.22706805,112.7715925,orange
25.2990432,94.96419851,117.9733424,orange
32.23797837,90.15406807,104.7052254,orange
17.68408797,94.35815354,108.0638166,orange
10.2708877,90.19147747,106.69552040000002,orange
17.22034507,94.78797376,108.0054343,orange
19.667056,90.50096668,100.1737964,orange
10.35609594,93.75652041,101.1456947,orange
27.255435,91.71369387,101.139435,orange
34.591784600000004,92.13229786,115.5650287,orange
32.39523995,94.51768464,113.25373,orange
10.16431299,91.22320999,106.362551,orange
21.49118657,93.43949693,101.4819888,orange
16.53460397,94.76759975,110.0447896,orange
31.852069399999998,90.12220323,109.9455062,orange
28.04799508,90.00621688,117.1311498,orange
31.75048899,94.59551226,115.1989301,orange
29.07412717,93.27189064,100.7896871,orange
19.14381903,90.71037456,108.0230792,orange
16.14820285,91.4448027,107.4287664,orange
34.05296914,92.05811721,116.8020848,orange
34.51423957,90.56151463,118.32719679999998,orange
32.71748548,90.54608254,113.328978,orange
25.16296632,92.54736032,114.3117197,orange
27.68167318,94.47316879,113.9995146,orange
21.35093384,90.9492967,107.0862095,orange
11.69894639,93.25638873,103.2005992,orange
22.75088787,90.69489172,110.4317855,apple
23.8494014,94.34814995,114.0512495,apple
22.60800988,94.58900601,116.0396587,apple
21.18667419,91.13435689,122.233323,apple
23.41044706,91.69913296,116.07779309999998,apple
22.86006627,93.12859895,117.7296726,apple
22.48403042,93.40819246,105.5473627,apple
22.02775403,92.96129462,121.1349176,apple
21.91191314,91.68748063,117.0761277,apple
23.71059131,93.27392415,112.66765890000002,apple
21.37784654,92.72043743,106.1417017,apple
22.84852833,94.32130209,123.5977843,apple
23.1094265,92.79630809,108.183792,apple
23.25230817,94.54128292,105.3558408,apple
23.67287749,90.4935574,104.2298028,apple
23.76881552,90.59810302,102.2648546,apple
23.34386401,91.47684705,104.4267991,apple
22.63946441,90.18451645,108.3405879,apple
22.45696744,94.76285385,114.8407725,apple
22.96388477,93.58065995,104.64729859999998,apple
21.07273439,93.56585985,107.8737015,apple
22.44075021,92.70785115,121.4977331,apple
22.71271308,90.45261746,109.8852597,apple
21.70416965,93.44006288,115.1781396,apple
22.43324518,92.48667725,119.1025189,apple
21.25941052,92.84416234,109.06584709999998,apple
22.9215706,94.89613443,105.6941544,apple
22.81212536,91.51861705,107.855225,apple
21.12152071,90.6878768,102.8017203,apple
21.11478672,90.31528693,104.5086618,apple
23.59997268,90.97597665,107.17281909999998,apple
23.12652652,94.71203306,108.62118329999998,apple
22.98458907,93.3204487,122.1952483,apple
22.12659387,90.97818277,104.5412275,apple
22.53779727,91.48135786,101.8474768,apple
22.49095104,91.70292746,124.3915101,apple
22.35548159,94.47811755,116.7366261,apple
22.20700989,93.50574163,120.1593771,apple
22.44516988,94.73763514,107.1843273,apple
22.76643029,92.12438519,120.4359949,apple
22.19109412,90.02575116,112.3126628,apple
23.6119202,91.70293849,123.5900822,apple
23.86087054,94.92048112,105.0241329,apple
21.42177231,92.62665309,102.8045658,apple
22.36629253,90.78572467,124.9831618,apple
23.99686172,91.61001707,117.6102915,apple
21.80129837,92.73446667,120.05866709999998,apple
23.80436344,92.80441624,100.6192543,apple
23.71475278,91.53331177,121.8961665,apple
23.34467359,90.37981478,112.8954016,apple
22.31253665,90.03577124,113.0688155,apple
23.50201428,92.21083961,107.9868949,apple
23.46260321,91.45665004,111.7763395,apple
23.06204373,92.39544055,114.7399101,apple
22.47420512,91.22759742,124.2179699,apple
22.69780133,92.82223419,105.0508234,apple
23.66682067,93.90191078,105.4004751,apple
22.50050273,92.45878335,100.9343903,apple
23.83053666,90.84422164,109.5966791,apple
23.64142354,93.74461474,116.6912176,apple
21.41363812,92.99124545,118.3979065,apple
22.85267372,94.57645809999998,117.53140259999998,apple
22.98208095,93.84505029,109.5852253,apple
21.19909519,90.80819418,103.6838922,apple
23.87192332,90.49939035,103.0548094,apple
21.0365275,94.33919546,114.7412734,apple
22.61711614,93.51978375,116.9256766,apple
21.45278675,90.74531921,116.7036582,apple
22.81227579,92.12992101,109.3383552,apple
21.98141856,91.12719303,115.4789148,apple
22.52709326,92.54780429,115.3830068,apple
22.35628673,91.92360477,107.7697413,apple
21.19852186,92.15595143,105.8554351,apple
23.8812458,93.45067555,104.9116663,apple
22.78234161,94.36803516,122.1449949,apple
22.19055385,92.43764169,121.6622761,apple
22.91430043,90.70475565,118.6044645,apple
23.08950736,90.22507299,108.2166601,apple
21.72484506,92.83975602,121.6961761,apple
22.44307715,91.59234006,102.5565807,apple
21.1316077,91.95769858,122.5391946,apple
22.71750705,92.25479855,107.0289866,apple
23.75033085,92.88160462,117.6602827,apple
23.76121837,93.661643,100.825956,apple
22.13450646,94.67695747,112.9203223,apple
21.17089176,90.23730166,123.6495149,apple
22.36238282,91.15761594,118.68327250000002,apple
22.77856513,92.70124029,113.7759219,apple
21.22503442,90.09877774,113.9760462,apple
23.15791104,90.34396882,110.712841,apple
22.42776057,93.91722423,102.7230739,apple
23.64082979,90.95257927,116.7431319,apple
22.29423493,90.69033986,122.7418744,apple
23.35225078,90.90054697,113.0381382,apple
22.03911546,94.58075845,110.9804014,apple
23.80593812,92.48879468,119.6335548,apple
22.31944084,90.85174383,100.1173443,apple
22.14464104,93.82567435,120.6310784,apple
23.65167552,94.50528753,115.3611268,apple
22.16939473,90.27185592,124.4683112,apple
26.47330219,80.92254421,53.65742581,watermelon
25.18780042,83.44621709,46.87420883,watermelon
25.29954705,81.77527562,57.04147057,watermelon
24.74631269,88.30866319,57.95826144,watermelon
26.58740671,81.32563243,41.87540028,watermelon
24.53442564,88.989272,49.11618732,watermelon
26.0713757,88.7285657,57.79652846,watermelon
25.96534238,89.77076659,59.46338556,watermelon
26.22338015,85.34866045,54.60159289,watermelon
24.41311871,89.81574032,44.07843475,watermelon
26.49195283,80.04678201,57.72799157,watermelon
24.04355803,84.18406764,53.78929956,watermelon
25.5421695,83.31883376,57.57343233,watermelon
26.74550678,83.9195902,40.794305,watermelon
25.7131428,80.22972777,43.08961827,watermelon
25.76484262,84.17269959999999,44.22066914,watermelon
26.79489868,89.64815231,57.74091817,watermelon
24.9004602,89.73524177,57.44942094,watermelon
26.80750629,88.22874955,58.79889057,watermelon
25.11189154,80.02621335,44.20656987,watermelon
26.2148837,87.68839820000002,59.65590798,watermelon
24.9103226,86.97190046,49.48575692,watermelon
25.79448878,84.26830701,56.45229202,watermelon
25.26931156,87.55055105,40.12650421,watermelon
25.76402693,87.5931128,46.05122728,watermelon
25.85483596,89.13163965,46.85176955,watermelon
24.33528185,81.44030363,48.32113628,watermelon
25.37601283,80.99313508,57.23028471,watermelon
24.86094646,85.05318563,55.29563514,watermelon
24.71885473,88.94568335,48.45978627,watermelon
24.21495706,84.20576992,48.01138482,watermelon
25.81692236,82.043255,54.82963379,watermelon
24.47018505,84.16390229,57.26773002,watermelon
24.13078816,84.84494575,51.19470197,watermelon
26.1793464,86.52258079,49.43050977,watermelon
26.17668721,86.72952049999998,53.33484977,watermelon
26.03867719,84.6378378,44.3993381,watermelon
26.53259325,82.39053979,54.30660782,watermelon
26.81938687,87.8274604,46.06193778,watermelon
25.50405534,81.40297428,48.47833278,watermelon
26.20234499,80.38266489,56.47941847,watermelon
25.13735887,89.28272716,43.52897517,watermelon
25.92030221,83.47202566,42.10681516,watermelon
26.6634609,89.98405233,57.40847165,watermelon
24.06731461,81.64075303,51.75212401,watermelon
24.6774157,82.75411437,57.05709413,watermelon
26.11440416,87.64081095,58.48160844,watermelon
26.81530456,87.65694462,55.74073582,watermelon
25.15623099,80.27525115,55.49541453,watermelon
25.2801372,83.15393658,49.29456609,watermelon
26.22005978,80.90127035,49.08553937,watermelon
24.92093261,80.61750795,50.55710813,watermelon
26.21667586,81.01009354,54.65423596,watermelon
26.81383586,87.21986949,51.70497792,watermelon
24.31334971,87.47409052,48.11248366,watermelon
24.29105004,88.04541346,51.26046418,watermelon
24.42998931,86.33904774,48.58241822,watermelon
25.66576039,88.6984228,54.22722466,watermelon
25.07803672,83.46230461,56.39962921,watermelon
24.88910524,85.87059083,51.70699144,watermelon
25.42900869,82.91481799,56.34144589,watermelon
24.37118217,87.1269128,44.63907691,watermelon
26.493064500000006,88.59143088,46.06382209,watermelon
25.83202912,89.00481725,45.24690619,watermelon
24.41592661,89.39655519,40.32161859,watermelon
24.37190239,81.2514818,44.20899581,watermelon
24.24782473,83.03687902,54.76576239999999,watermelon
24.64458469,85.49938185,48.31219031,watermelon
24.89681131,86.10782926,53.14626213,watermelon
25.41864024,81.12122989,49.52320689,watermelon
26.26028739,86.14585891,58.97878791,watermelon
24.90123934,87.20772913,46.59207341,watermelon
24.84740848,89.20454622,59.67927244,watermelon
26.98212846,86.70068316,42.91292205,watermelon
26.90435747,86.25426228,59.75980023,watermelon
25.86475496,86.67468041,41.16554802,watermelon
26.70607759,81.14149505,51.51033554,watermelon
26.44019475,80.91934337,47.81847573,watermelon
26.283443,84.42478917,50.78669728,watermelon
26.84366082,83.85039964,40.228644,watermelon
26.03967219,83.9862443,43.87712348,watermelon
24.92994759,85.00802358,48.75859458,watermelon
25.50736962,84.24340241,44.2068997,watermelon
25.4438391,87.93923120000002,57.51549686,watermelon
26.12588914,86.5507939,40.71210074,watermelon
25.10474753,87.52676159999999,59.26519444,watermelon
26.27520631,86.63249555,54.38748495,watermelon
26.27061608,83.09194521,46.76837499,watermelon
26.73690828,87.82430156,47.46447019,watermelon
25.04746944,85.5667282,56.72496677,watermelon
24.69368934,85.56967628,48.99390828,watermelon
24.54356968,84.60808277,42.00660251,watermelon
25.89762315,81.96664832,54.49960057,watermelon
26.6333118,84.31756844,56.31866159,watermelon
25.35794749,80.45846265,47.72078245,watermelon
25.28784623,89.63667876,58.28697664,watermelon
26.63838589,84.69546874,48.32428609,watermelon
25.3310446,84.30533791,41.53218699,watermelon
26.89750174,83.89241484,43.97193745,watermelon
26.98603693,89.4138489,58.54876687,watermelon
25.52468965,72.24850829,151.8869972,jute
26.59104992,82.94164078,161.2469997,jute
25.29781791,86.88705350000002,196.6249511,jute
25.72100868,88.16513579,175.60866969999995,jute
23.58419277,72.00460848,190.4242157,jute
25.31042337,72.01364411,190.5577618,jute
23.41798979,85.08640476,185.7446728,jute
24.35564134,88.80391021,169.11680280000004,jute
26.284017,75.14640198,182.2685447,jute
25.13842773,83.12053888,169.33884650000005,jute
24.88692811,71.91711523,150.2498675,jute
25.75734909,88.36668522,189.4263485,jute
23.12844351,74.68322732,199.83629130000003,jute
24.9949957,88.95692783,151.4935635,jute
25.21622704,70.88259632,195.8645552,jute
24.39736241,79.26861738,164.2697011,jute
23.31410442,71.4509053,164.49703730000004,jute
25.72668885,81.86171563,191.9649389,jute
26.96656378,78.21047693,169.8391177,jute
23.70467146,74.63745355,181.2783964,jute
24.90075709,73.84186449,153.8990984,jute
23.39605743,72.60512854,174.78764109999997,jute
26.8748389,79.78725152,173.1017097,jute
23.1426498,74.99739774,151.9035477,jute
24.29496635,77.62976013,184.9800516,jute
24.39459498,89.89106506,197.1220049,jute
25.7629429,80.76238215,174.5071843,jute
25.4879684,84.48235878,168.7848886,jute
25.37122686,76.2403666,183.8270791,jute
26.21312799,81.70476368,180.1237765,jute
24.30748599,78.54340987,186.2337571,jute
23.76554749,87.98329901,150.31661519999997,jute
24.79853023,78.53037059,162.2847429,jute
23.20683504,74.09956958,199.4766779,jute
23.66805429,70.89000744,184.4633281,jute
25.12417673,85.72530641,159.5718087,jute
23.89069041,83.46409075,167.72306319999996,jute
23.09433785,81.45139295,196.6587013,jute
24.21744605,82.85284045,166.13658859999995,jute
24.06475727,71.31342851,153.63902119999997,jute
24.85441411,74.44070479999998,175.572958,jute
26.41915161,76.85691248,197.2101782,jute
24.89326318,77.01222585,196.469984,jute
23.25583402,82.7015932,166.2160846,jute
24.7634518,87.06071115,179.1630865,jute
24.97042599,78.62697699,166.6415254,jute
26.12797248,80.49172597,150.6326874,jute
25.97825807,81.65769588,163.3488091,jute
26.2830571,73.35763537,186.6898282,jute
26.38905406,83.31240346,176.1516409,jute
25.2746335,73.7459581,168.0432282,jute
23.09499564,78.45959697,155.3851533,jute
25.79351957,81.76904006,193.2418382,jute
23.17403323,87.88255345,160.6217342,jute
25.63215038,79.95150917,182.2582277,jute
25.84879500000001,87.81661683,152.6194403,jute
26.56767277,80.90424543,181.2915605,jute
26.24532085,72.97198375,189.9711184,jute
26.91515043,73.19897535,177.22330480000005,jute
24.36972377,82.11319791,159.92109340000005,jute
25.71901283,79.15532398,187.1735424,jute
25.01157559,88.33130229999998,169.4168014,jute
25.40785911,76.44048625,188.6372826,jute
23.28081,74.27607475,153.7447398,jute
23.98651719,82.09053379,167.0576456,jute
24.48556447,83.20630007,192.2316221,jute
25.86705009,84.09985284,154.83908469999997,jute
23.5643831,79.46283115,185.25947,jute
24.2248758,74.89465426,192.4931257,jute
25.49386782,86.97061481,176.5268267,jute
24.97178693,79.47557931,195.7571622,jute
24.80624984,82.09281674,156.3616174,jute
23.16814977,76.66724969,157.1215052,jute
24.25133493,89.86454053,175.1742112,jute
26.58361011,78.00774772,154.8238864,jute
26.82489244,78.20392774,153.91998069999997,jute
25.49674786,81.13449097,169.92882340000003,jute
24.09874353,80.57226761,176.8604109,jute
23.18866654,86.20899734,176.103677,jute
26.24347471,78.51063754,183.4065252,jute
23.75091572,71.14782585,160.0889553,jute
26.13871511,79.1188943,171.4892533,jute
26.14576648,71.23690851,193.1007598,jute
26.91643698,73.48655995,171.4716375,jute
26.5232969,77.17331847,157.8548562,jute
23.81579631,80.94023552,190.312216,jute
26.50838667,86.84264005,152.9801697,jute
26.63952463,70.95705996,199.3355744,jute
23.325013100000003,79.79609448,187.3096148,jute
26.47549543,73.96164569,180.2513601,jute
23.78756036,74.36794079,172.64426540000005,jute
25.49941707,75.99987588,193.71418280000003,jute
23.24925555,73.65346838,184.7674863,jute
26.98582182,89.05587886,193.8778713,jute
23.61475336,86.14290267,150.2355238,jute
23.87484465,86.79261344,177.5147313,jute
23.92887902,88.07112278,154.6608736,jute
24.81441246,81.68688879,190.7886386,jute
24.44743944,82.286484,190.9684885,jute
26.57421679,73.81994896,159.3223075,jute
29.73770045,47.54885174,90.09586854,mango
33.55695561,53.72979826,98.67527561,mango
27.00315545,47.67525434,95.85118326,mango
33.56150184,45.53556603,95.70525913,mango
35.89855625,54.25964196,92.19721736,mango
34.17719782,50.62161586,98.00687989,mango
30.01592643,53.19212381,97.72843182,mango
31.74592134,45.16127859,93.75441586,mango
35.99009679,52.22780489,95.3713484,mango
31.86641378,52.19331595,98.46768642,mango
27.75518664,52.34605806,94.11213345,mango
34.72413192,51.4271781,97.31258083,mango
27.53907547,53.63549533,99.35408185,mango
27.69637763,48.56224879999999,89.85646496,mango
27.25373364,52.66319725,91.87312479,mango
30.33723921,48.88704844,94.42850522,mango
31.85744939,45.53106268,91.55845821,mango
35.39986338,49.45962621,97.41054011,mango
29.80747243,52.13797867,95.74606104,mango
34.16438906,54.16482251,98.33351125,mango
28.93270187,47.94053996,99.9834242,mango
27.98392787,53.33018851,99.61465679,mango
31.20478173,54.49960506,94.62954663,mango
32.13409675,50.52559148,98.63333684,mango
28.91862016,48.13974548,97.01331604,mango
31.09779147,47.41196659,90.28624348,mango
34.73823882,49.08864345,90.65022183,mango
29.98080499,49.48613279,91.82271568,mango
33.80398664,46.12866113,90.82549241,mango
30.07202564,50.96040505,92.09609766,mango
27.92063282,51.77965917,100.2585673,mango
31.40948821,49.21729127,92.99739415,mango
35.7877738,51.94190321,100.2160615,mango
33.36140093,45.02236377,98.81596545,mango
35.96054636,48.69677802,98.00644238,mango
28.33333307,51.39586505,91.67241761,mango
32.27652024,50.19368841,95.99487068,mango
31.99490489,50.84881347,97.38741498,mango
27.58258929,48.56916221,95.8445641,mango
29.38471637,45.88744691,100.8124659,mango
32.38697531,53.2328243,90.21633216,mango
30.91471455,49.92963856,90.14047759,mango
35.37775595,45.58110023,97.41586402,mango
32.32362177,52.58967710000001,93.36718816,mango
28.22373428,47.40519056,97.76832322,mango
27.27433181,47.16808054,95.257992,mango
27.10710832,50.70880979,92.37238878,mango
34.89226666,48.75613373,91.63074547,mango
33.7462686,48.50387598,92.26439205,mango
27.351105600000004,54.43945147,96.27792547,mango
32.89300162,52.61323969,94.49161372,mango
35.38598705,51.42664176,90.29643888,mango
27.552973600000005,47.90859131,90.40332704,mango
32.82141065,47.45553843,90.89173106,mango
30.17294105,51.0845903,95.23444287,mango
29.26382931,54.82257868,100.7586226,mango
32.06097197,51.08494181,96.59816497,mango
28.69818144,47.71875722,99.642454,mango
29.14305008,49.40983294,97.55155537,mango
28.347161100000005,53.53903102,90.40260445,mango
27.67256197,45.41692012,92.84991507,mango
28.1218093,46.16888595,93.30247448,mango
30.79375683,46.69536813,92.21318555,mango
28.89409382,54.80750249,94.76322976,mango
33.33024826,45.61143594,98.28583013,mango
27.78912455,53.96886679,91.01152997,mango
31.65333432,48.20662669,91.09745581,mango
29.75150773,46.73723302,91.405983,mango
31.32995611,50.22287593,89.78216168,mango
35.63627319,48.97047762,97.51952041,mango
31.66524687,51.98594645,89.98024312,mango
32.26935342,53.56092806,95.94035356,mango
27.81005614,51.59445462,95.89898581,mango
34.58561471,50.34035336,100.3060719,mango
31.27180992,52.23810152,89.74409017,mango
33.93679864,52.72170281,97.4611918,mango
31.09154239,47.02058367,91.46664318,mango
31.89356292,49.02450149,89.59371481,mango
32.45465292,50.69693751,95.04871605,mango
35.47478322,47.97230503,97.79072474,mango
27.32961444,49.30347234,93.53197359,mango
30.90225239,49.95955487,91.77522598,mango
29.09382275,45.5661059,96.23520043,mango
30.02086169,46.78393776,96.63721027,mango
34.13072188,51.25786185,96.38808001,mango
33.44619894,53.05980465,98.05089394,mango
35.3915464,52.48823147,91.22881052,mango
31.53356352,53.06009323,98.57025046,mango
30.764551500000003,47.93791463,90.38503469,mango
30.01821337,50.09831810000001,96.08745082,mango
31.32863689,47.59319575,94.67344737,mango
33.88004781,54.39416048,89.29147581,mango
28.07802689,54.9640534,97.45373619,mango
35.53845018,52.94641947,91.54560427,mango
28.70595247,50.44030129,95.8946444,mango
31.48451729,48.77926304,93.17221967,mango
27.69819273,51.41593238,100.7720705,mango
30.41235793,52.48100602,93.92375879,mango
32.17752026,54.01352682,91.88766069,mango
32.611261400000004,47.74916499,91.10190759,mango
26.33377983,57.36469955,191.6549412,coffee
26.45288458,55.32222678,144.68613359999995,coffee
25.70822684,52.88667115,136.73250919999998,coffee
24.12832546,56.18107663,147.27578180000003,coffee
23.44372334,60.39523266,122.2103248,coffee
23.4123707,52.26994674,139.3670753,coffee
23.05951896,50.40609436,164.4971875,coffee
23.07895447,63.65861483,129.8765443,coffee
27.6496114,51.11044023,122.8392822,coffee
25.46743689,69.35161206,171.37644619999998,coffee
26.7350622,55.55164819,140.63052130000003,coffee
26.20811417,52.50987966,189.0944824,coffee
27.0424167,57.27927475,165.6872119,coffee
24.65090184,51.93952357,135.1386537,coffee
27.35152643,55.99375012,148.98125249999995,coffee
25.17787724,62.26244581,135.0119649,coffee
23.11438731,68.00096043,161.8944624,coffee
27.22783677,52.95261751,175.7260273,coffee
23.26316991,60.51600210000001,194.1755471,coffee
25.234661,57.53161469,124.2261737,coffee
25.59535262,57.72920846,195.7733251,coffee
25.5674832,60.49244602,190.2257843,coffee
25.67324193,51.29043632,196.2736367,coffee
24.40726724,62.65692638,148.6977358,coffee
23.69287069,66.76090123,144.6576424,coffee
24.53460016,66.99765375,180.5059257,coffee
27.13140403,52.89368299,192.4280381,coffee
27.56088634,68.49299897,167.43580749999995,coffee
23.59302313,55.27564977,191.3980675,coffee
23.17714381,52.13864034,117.3113562,coffee
24.71384065,51.29142534,197.6439711,coffee
24.38534644,64.72543073,119.6324109,coffee
27.15998538,51.59100753,126.1752206,coffee
26.53543168,67.09608099,120.6494434,coffee
27.01207284,60.76645256,191.4508931,coffee
27.55906475,58.45742907,117.9389993,coffee
23.32293161,53.00366334,168.26442869999997,coffee
24.23850608,54.30329632,115.1564012,coffee
23.42611644,64.10651528,122.6847408,coffee
26.02241444,55.83288958,176.90209240000004,coffee
24.83846178,56.7685316,124.4135035,coffee
26.24092174,65.64381357,148.37712019999995,coffee
24.43011925,66.02411187,181.6368274,coffee
26.00373964,62.144510200000006,153.477776,coffee
26.22367404,62.26594559,193.7461968,coffee
27.09617155,63.55324262,190.2440566,coffee
25.64004392,61.03273481,199.4735636,coffee
27.74576987,54.36976075,139.8619431,coffee
26.24928198,54.28617819,133.1120232,coffee
26.67377159,52.24226285,156.15438980000005,coffee
27.10210397,55.74973320000001,139.5013171,coffee
27.62975458,61.26002598,196.6492664,coffee
27.536454700000004,55.51673151,130.6377143,coffee
23.56960509,50.56339727,130.3797119,coffee
24.99451759,57.93250202,192.8736822,coffee
27.56441788,54.41094079,177.816092,coffee
23.98143338,61.10935084,161.5279095,coffee
24.22984659,67.37768353,122.4073418,coffee
25.60153969,68.66257977,168.8383605,coffee
24.31274458,53.57285558,184.4103931,coffee
26.36629861,52.25738495,177.31761609999995,coffee
26.5602777,57.1621814,152.0616227,coffee
26.35034208,58.50650238,121.5586297,coffee
25.20406808,57.88370456,156.1457255,coffee
23.35723208,55.18792166,171.6976946,coffee
23.60567546,59.68849145,185.1568059,coffee
24.18471151,69.94807345,163.27087319999995,coffee
26.44414097,53.83876189,175.3723314,coffee
26.12492233,63.37479229,147.8035305,coffee
27.77363343,64.47858698,192.7121236,coffee
25.55656667,62.67087838,193.5866233,coffee
27.92374437,67.96910852,115.2325531,coffee
26.05968403,52.31098539,161.3432535,coffee
26.35770906,64.57578034,163.62694960000005,coffee
24.91370487,54.15319242,129.5481144,coffee
27.31317116,68.42333909999999,192.4288139,coffee
26.1387869,52.26311691,136.3027766,coffee
23.1069385,67.06230539,162.57696059999995,coffee
23.52648086,68.44030686,171.8839938,coffee
25.11711046,68.48030408,194.8773479,coffee
24.02952505,58.84880599,134.6803969,coffee
26.70897548,69.71184111,158.86088869999998,coffee
26.71717393,50.50148528,126.8073984,coffee
24.59245684,56.46829641,137.70440469999997,coffee
27.51006055,50.66687215,143.9955548,coffee
27.57847581,58.52534263,156.6810374,coffee
26.65069302,57.56695719,145.105065,coffee
26.97251562,62.0183627,142.8610793,coffee
23.17124551,52.97841162,153.12016440000005,coffee
23.52652084,65.44340921,186.1728203,coffee
27.30901814,55.196224,141.48316440000005,coffee
27.54823036,62.88179198,181.4170812,coffee
25.627355,57.04151119,188.5506536,coffee
23.29250318,50.04557009,183.468585,coffee
24.91461008,53.74144743,166.2549307,coffee
26.77463708,66.4132686,177.7745075,coffee
27.41711238,56.63636248,127.92461000000002,coffee
24.13179691,67.22512329,173.32283859999995,coffee
26.2724184,52.12739421,127.1752928,coffee
23.60301571,60.39647474,140.9370415,coffee
